Source,User Experience,Positives,Negatives,Safety Tips,Meeting Up Strategy,Subscription Info,Additional Notes
Travel Her Story,Focus on meeting people while traveling with similar interests,Found successful connections,"Risk of awkward interactions, sometimes no lasting connection",Always meet in public places to ensure safety,Quick meetups recommended to not miss travel opportunities,Not mentioned,Friendships can continue online or end after the trip
GenThirty,Encourages initiating conversation quickly to maintain match,Natural conversation starters based on profile info,Conversations can expire if not initiated within 24 hours,"Meet in casual, comfortable settings like cafes",Establish a real-life meetup as early as possible,"Free features include 24-hour window for first message, while premium offers extended time",Honest follow-up after meeting to gauge interest
Best Dating Apps,Straightforward interactions aimed at friendship building,"Balanced gender ratio, ease of connecting based on shared interests",None mentioned,App includes photo verification for added safety,Encourages meeting in low-pressure environments,Details on premium subscriptions including Spotlight and SuperSwipe features,Automatic membership renewal; shared hobbies increase chances of connection
Bumble User Forum,Diverse user base with balanced gender ratio,"Balanced gender ratio, ease of connecting based on shared interests",Unclear subscription cancellation process,App includes photo verification for added safety,Keep first meetings short and casual,Free tier lacks features for larger cities,Honest follow-up after meeting to gauge interest
Best Dating Apps,Helps new city transplants find friends easily,Found successful connections,Lack of diversity in smaller regions,Always meet in public places to ensure safety,Plan meetups in places of shared interests,"Premium allows unlimited swipes, free version limits to 25",Difficult for introverts but manageable
Best Dating Apps,Requires frequent check-ins to maintain conversations,Good for introverts to meet friends at their own pace,Lack of diversity in smaller regions,"Meet in casual, comfortable settings like cafes",Quick meetups recommended to not miss travel opportunities,Premium includes Spotlight and SuperSwipe features,Friendships can continue online or end after the trip
Friendship Focus,Helps new city transplants find friends easily,Effective for meeting people quickly,Unclear subscription cancellation process,Opt for group meetups when unsure,Have flexible meet-up plans,Premium features extend first message expiration window,Matches tend to be high-quality in larger cities
BFF Connect Blog,Helps new city transplants find friends easily,Found successful connections,Too few daily swipes without premium,Meet at tourist spots for safety,Encourages meeting in low-pressure environments,Premium features extend first message expiration window,Automatic membership renewal could cause unwanted charges
Best Dating Apps,Requires frequent check-ins to maintain conversations,Found successful connections,High premium cost for additional features,Always have a backup plan for awkward meetings,Plan meetups in places of shared interests,"Free features include 24-hour window for first message, while premium offers extended time",Honest follow-up after meeting to gauge interest
Best Dating Apps,Encourages initiating conversation quickly to maintain match,Found successful connections,Missed opportunities due to quick expiration,Use well-known venues to meet up,Plan meetups in places of shared interests,Premium includes Spotlight and SuperSwipe features,Friendships can continue online or end after the trip
Travel Her Story,Helps new city transplants find friends easily,Natural conversation starters based on profile info,Not enough active users in some areas,Use well-known venues to meet up,Encourages meeting in low-pressure environments,Free tier has enough features for casual use,Shared hobbies increase chances of connection
Best Dating Apps,Effortless connection with people sharing common hobbies,Natural conversation starters based on profile info,Difficult to re-engage after conversations expire,"Meet in casual, comfortable settings like cafes",Have flexible meet-up plans,"Free features include 24-hour window for first message, while premium offers extended time",Honest follow-up after meeting to gauge interest
Bumble User Forum,Requires frequent check-ins to maintain conversations,Strong safety features,Matches sometimes based on shallow interests,Always have a backup plan for awkward meetings,"Plan meetups in a neutral, public place",Free tier has enough features for casual use,Matches tend to be high-quality in larger cities
Bumble User Forum,Helps new city transplants find friends easily,Strong safety features,High premium cost for additional features,Use well-known venues to meet up,Use social media to keep up between meetups,Free tier has enough features for casual use,Honest follow-up after meeting to gauge interest
GenThirty,Matches expire too quickly leading to missed opportunities,Found successful connections,Matches sometimes based on shallow interests,"Meet in casual, comfortable settings like cafes",Establish a real-life meetup as early as possible,SuperSwipes useful for showing serious interest,Best used in metro areas with high user density
GenThirty,Helps new city transplants find friends easily,"Balanced gender ratio, ease of connecting based on shared interests",Lack of diversity in smaller regions,Avoid sharing personal details until comfortable,Use mutual hobbies to guide meetups,Premium renews automatically unless cancelled,Friendships can continue online or end after the trip
Best Dating Apps,Users can find lifelong friendships if persistent,Good for introverts to meet friends at their own pace,Unclear subscription cancellation process,Use well-known venues to meet up,Quick meetups recommended to not miss travel opportunities,SuperSwipes useful for showing serious interest,Making real-life connections takes time but worth the effort
Friendship Focus,Users can find lifelong friendships if persistent,Found successful connections,Missed opportunities due to quick expiration,Meet at tourist spots for safety,Meet during daylight for safety,SuperSwipes useful for showing serious interest,Having a good profile is key to more matches
BFF Connect Blog,Focus on meeting people while traveling with similar interests,Allows connections based on specific hobbies or interests,Difficult to re-engage after conversations expire,App includes photo verification for added safety,Keep first meetings short and casual,Free tier has enough features for casual use,Larger age groups might struggle to find matches
Bumble User Forum,Users can find lifelong friendships if persistent,Found successful connections,Too few daily swipes without premium,Use well-known venues to meet up,Encourages meeting in low-pressure environments,Expensive premium features but necessary for serious users,Honest follow-up after meeting to gauge interest
Bumble User Forum,Helps new city transplants find friends easily,Natural conversation starters based on profile info,Not enough active users in some areas,Always have a backup plan for awkward meetings,"Plan meetups in a neutral, public place","Premium allows unlimited swipes, free version limits to 25",Larger age groups might struggle to find matches
Travel Her Story,Requires frequent check-ins to maintain conversations,Strong safety features,Not enough active users in some areas,"Meet in casual, comfortable settings like cafes",Keep first meetings short and casual,Premium includes Spotlight and SuperSwipe features,Larger age groups might struggle to find matches
Friendship Focus,Encourages initiating conversation quickly to maintain match,"Balanced gender ratio, ease of connecting based on shared interests",Unclear subscription cancellation process,App includes photo verification for added safety,"Plan meetups in a neutral, public place","Free features include 24-hour window for first message, while premium offers extended time",Matches tend to be high-quality in larger cities
Bumble User Forum,Encourages initiating conversation quickly to maintain match,Strong safety features,Missed opportunities due to quick expiration,"Meet in casual, comfortable settings like cafes",Quick meetups recommended to not miss travel opportunities,Free tier lacks features for larger cities,Best used in metro areas with high user density
GenThirty,Matches expire too quickly leading to missed opportunities,Engagements feel natural,Not enough active users in some areas,Meet at tourist spots for safety,Establish a real-life meetup as early as possible,"Premium allows profile boosts, making you more visible",Larger age groups might struggle to find matches
BFF Connect Blog,Inconsistent match quality depending on location,Engagements feel natural,Not enough active users in some areas,Always meet in public places to ensure safety,Encourages meeting in low-pressure environments,"Free features include 24-hour window for first message, while premium offers extended time",Friendships can continue online or end after the trip
BFF Connect Blog,Users can find lifelong friendships if persistent,Natural conversation starters based on profile info,Conversations can expire if not initiated within 24 hours,Always meet in public places to ensure safety,"Plan meetups in a neutral, public place",Expensive premium features but necessary for serious users,Friendships can continue online or end after the trip
BFF Connect Blog,Users can find lifelong friendships if persistent,Engagements feel natural,"Risk of awkward interactions, sometimes no lasting connection",Always have a backup plan for awkward meetings,Have flexible meet-up plans,Premium features extend first message expiration window,Larger age groups might struggle to find matches
Travel Her Story,Requires frequent check-ins to maintain conversations,Strong safety features,High premium cost for additional features,Take safety precautions and share meet-up details with a friend,Meet during daylight for safety,Free tier has enough features for casual use,Honest follow-up after meeting to gauge interest
BFF Connect Blog,Users can find lifelong friendships if persistent,Good for introverts to meet friends at their own pace,Unclear subscription cancellation process,App includes photo verification for added safety,Have flexible meet-up plans,"Premium allows profile boosts, making you more visible",Automatic membership renewal could cause unwanted charges
GenThirty,Users can find lifelong friendships if persistent,Simple user interface,Too few daily swipes without premium,Verify profiles and match based on common interests,Keep first meetings short and casual,Premium features extend first message expiration window,Larger age groups might struggle to find matches
Friendship Focus,Focus on meeting people while traveling with similar interests,Good for introverts to meet friends at their own pace,Not enough active users in some areas,Opt for group meetups when unsure,Use mutual hobbies to guide meetups,Premium includes Spotlight and SuperSwipe features,Difficult for introverts but manageable
Bumble User Forum,Effortless connection with people sharing common hobbies,Found successful connections,"Risk of awkward interactions, sometimes no lasting connection",Use well-known venues to meet up,Quick meetups recommended to not miss travel opportunities,"Free features include 24-hour window for first message, while premium offers extended time",Matches tend to be high-quality in larger cities
Best Dating Apps,Inconsistent match quality depending on location,Allows connections based on specific hobbies or interests,Too few daily swipes without premium,Use well-known venues to meet up,Plan meetups in places of shared interests,SuperSwipes useful for showing serious interest,Shared hobbies increase chances of connection
GenThirty,Matches expire too quickly leading to missed opportunities,"Balanced gender ratio, ease of connecting based on shared interests",Missed opportunities due to quick expiration,Use well-known venues to meet up,"Plan meetups in a neutral, public place",Premium includes Spotlight and SuperSwipe features,Difficult for introverts but manageable
Travel Her Story,Requires frequent check-ins to maintain conversations,Effective for meeting people quickly,High premium cost for additional features,Meet at tourist spots for safety,Use social media to keep up between meetups,SuperSwipes useful for showing serious interest,Honest follow-up after meeting to gauge interest
Bumble User Forum,Straightforward interactions aimed at friendship building,Allows connections based on specific hobbies or interests,Too few daily swipes without premium,Use well-known venues to meet up,Meet during daylight for safety,Premium renews automatically unless cancelled,Difficult for introverts but manageable
Best Dating Apps,Focus on meeting people while traveling with similar interests,"Balanced gender ratio, ease of connecting based on shared interests",Difficult to re-engage after conversations expire,Avoid sharing personal details until comfortable,Quick meetups recommended to not miss travel opportunities,Expensive premium features but necessary for serious users,Friendships can continue online or end after the trip
GenThirty,Helps new city transplants find friends easily,Low-pressure meetups allow genuine connection,Difficult to re-engage after conversations expire,Avoid sharing personal details until comfortable,Plan meetups in places of shared interests,"Premium allows profile boosts, making you more visible",Honest follow-up after meeting to gauge interest
Friendship Focus,Inconsistent match quality depending on location,Found successful connections,Matches sometimes based on shallow interests,Verify profiles and match based on common interests,Plan meetups in places of shared interests,Free tier has enough features for casual use,Best used in metro areas with high user density
GenThirty,Effortless connection with people sharing common hobbies,Simple user interface,Missed opportunities due to quick expiration,App includes photo verification for added safety,Use social media to keep up between meetups,Premium includes Spotlight and SuperSwipe features,Making real-life connections takes time but worth the effort
GenThirty,Diverse user base with balanced gender ratio,Effective for meeting people quickly,Unclear subscription cancellation process,Opt for group meetups when unsure,Keep first meetings short and casual,Premium renews automatically unless cancelled,Larger age groups might struggle to find matches
Friendship Focus,Focus on meeting people while traveling with similar interests,Simple user interface,High premium cost for additional features,Avoid sharing personal details until comfortable,Keep first meetings short and casual,"Free features include 24-hour window for first message, while premium offers extended time",Making real-life connections takes time but worth the effort
Travel Her Story,Requires frequent check-ins to maintain conversations,Simple user interface,Matches sometimes based on shallow interests,Opt for group meetups when unsure,"Plan meetups in a neutral, public place","Premium allows unlimited swipes, free version limits to 25",Shared hobbies increase chances of connection
GenThirty,Users can find lifelong friendships if persistent,Found successful connections,"Risk of awkward interactions, sometimes no lasting connection",Always meet in public places to ensure safety,Have flexible meet-up plans,"Premium allows profile boosts, making you more visible",Shared hobbies increase chances of connection
Bumble User Forum,Requires frequent check-ins to maintain conversations,Good for introverts to meet friends at their own pace,Difficult to re-engage after conversations expire,Always have a backup plan for awkward meetings,Plan meetups in places of shared interests,Free tier has enough features for casual use,Making real-life connections takes time but worth the effort
Friendship Focus,Inconsistent match quality depending on location,Simple user interface,Lack of diversity in smaller regions,Avoid sharing personal details until comfortable,Establish a real-life meetup as early as possible,Premium features extend first message expiration window,Best used in metro areas with high user density
Travel Her Story,Matches expire too quickly leading to missed opportunities,Strong safety features,Not enough active users in some areas,Verify profiles and match based on common interests,Keep first meetings short and casual,SuperSwipes useful for showing serious interest,Best used in metro areas with high user density
Friendship Focus,Helps new city transplants find friends easily,Low-pressure meetups allow genuine connection,Not enough active users in some areas,Avoid sharing personal details until comfortable,Use social media to keep up between meetups,Premium includes Spotlight and SuperSwipe features,Larger age groups might struggle to find matches
Travel Her Story,Focus on meeting people while traveling with similar interests,Allows connections based on specific hobbies or interests,High premium cost for additional features,Meet at tourist spots for safety,Use social media to keep up between meetups,Premium renews automatically unless cancelled,Shared hobbies increase chances of connection
Best Dating Apps,Matches expire too quickly leading to missed opportunities,Found successful connections,High premium cost for additional features,Use well-known venues to meet up,Use mutual hobbies to guide meetups,Free tier has enough features for casual use,Honest follow-up after meeting to gauge interest
GenThirty,Focus on meeting people while traveling with similar interests,Simple user interface,Unclear subscription cancellation process,Avoid sharing personal details until comfortable,Plan meetups in places of shared interests,Premium renews automatically unless cancelled,Having a good profile is key to more matches
Best Dating Apps,Requires frequent check-ins to maintain conversations,"Balanced gender ratio, ease of connecting based on shared interests",Difficult to re-engage after conversations expire,Avoid sharing personal details until comfortable,"Plan meetups in a neutral, public place",Free tier has enough features for casual use,Making real-life connections takes time but worth the effort
Best Dating Apps,Requires frequent check-ins to maintain conversations,Natural conversation starters based on profile info,"Risk of awkward interactions, sometimes no lasting connection",Opt for group meetups when unsure,Encourages meeting in low-pressure environments,"Free features include 24-hour window for first message, while premium offers extended time",Best used in metro areas with high user density
Bumble User Forum,Encourages initiating conversation quickly to maintain match,Low-pressure meetups allow genuine connection,"Risk of awkward interactions, sometimes no lasting connection",Always meet in public places to ensure safety,Encourages meeting in low-pressure environments,Expensive premium features but necessary for serious users,Best used in metro areas with high user density
Friendship Focus,Effortless connection with people sharing common hobbies,Engagements feel natural,Difficult to re-engage after conversations expire,Use well-known venues to meet up,Have flexible meet-up plans,Premium features extend first message expiration window,Honest follow-up after meeting to gauge interest
Bumble User Forum,Requires frequent check-ins to maintain conversations,Low-pressure meetups allow genuine connection,Lack of diversity in smaller regions,Opt for group meetups when unsure,Plan meetups in places of shared interests,Expensive premium features but necessary for serious users,Making real-life connections takes time but worth the effort
Best Dating Apps,Effortless connection with people sharing common hobbies,Strong safety features,Lack of diversity in smaller regions,Always have a backup plan for awkward meetings,Encourages meeting in low-pressure environments,"Premium allows profile boosts, making you more visible",Matches tend to be high-quality in larger cities
GenThirty,Matches expire too quickly leading to missed opportunities,Strong safety features,Conversations can expire if not initiated within 24 hours,Take safety precautions and share meet-up details with a friend,Use social media to keep up between meetups,"Free features include 24-hour window for first message, while premium offers extended time",Friendships can continue online or end after the trip
Friendship Focus,Straightforward interactions aimed at friendship building,Strong safety features,Lack of diversity in smaller regions,Verify profiles and match based on common interests,Use mutual hobbies to guide meetups,Free tier has enough features for casual use,Larger age groups might struggle to find matches
Travel Her Story,Encourages initiating conversation quickly to maintain match,Strong safety features,Conversations can expire if not initiated within 24 hours,Take safety precautions and share meet-up details with a friend,Encourages meeting in low-pressure environments,Free tier lacks features for larger cities,Automatic membership renewal could cause unwanted charges
Travel Her Story,Encourages initiating conversation quickly to maintain match,Found successful connections,Lack of diversity in smaller regions,Verify profiles and match based on common interests,Establish a real-life meetup as early as possible,Premium features extend first message expiration window,Shared hobbies increase chances of connection
BFF Connect Blog,Inconsistent match quality depending on location,Effective for meeting people quickly,Difficult to re-engage after conversations expire,"Meet in casual, comfortable settings like cafes",Meet during daylight for safety,Free tier has enough features for casual use,Best used in metro areas with high user density
Friendship Focus,Helps new city transplants find friends easily,"Balanced gender ratio, ease of connecting based on shared interests",Unclear subscription cancellation process,Verify profiles and match based on common interests,Quick meetups recommended to not miss travel opportunities,Premium includes Spotlight and SuperSwipe features,Larger age groups might struggle to find matches
Travel Her Story,Matches expire too quickly leading to missed opportunities,Simple user interface,Missed opportunities due to quick expiration,Opt for group meetups when unsure,Plan meetups in places of shared interests,SuperSwipes useful for showing serious interest,Difficult for introverts but manageable
Travel Her Story,Focus on meeting people while traveling with similar interests,Low-pressure meetups allow genuine connection,Missed opportunities due to quick expiration,Use well-known venues to meet up,"Plan meetups in a neutral, public place",SuperSwipes useful for showing serious interest,Honest follow-up after meeting to gauge interest
Best Dating Apps,Straightforward interactions aimed at friendship building,Effective for meeting people quickly,"Risk of awkward interactions, sometimes no lasting connection","Meet in casual, comfortable settings like cafes",Have flexible meet-up plans,Free tier lacks features for larger cities,Friendships can continue online or end after the trip
Friendship Focus,Encourages initiating conversation quickly to maintain match,Effective for meeting people quickly,Conversations can expire if not initiated within 24 hours,Opt for group meetups when unsure,Use social media to keep up between meetups,Expensive premium features but necessary for serious users,Matches tend to be high-quality in larger cities
Best Dating Apps,Effortless connection with people sharing common hobbies,Simple user interface,"Risk of awkward interactions, sometimes no lasting connection",Use well-known venues to meet up,Use mutual hobbies to guide meetups,Premium features extend first message expiration window,Honest follow-up after meeting to gauge interest
Bumble User Forum,Focus on meeting people while traveling with similar interests,Strong safety features,"Risk of awkward interactions, sometimes no lasting connection",Use well-known venues to meet up,Plan meetups in places of shared interests,Free tier lacks features for larger cities,Friendships can continue online or end after the trip
GenThirty,Helps new city transplants find friends easily,Engagements feel natural,Not enough active users in some areas,Always have a backup plan for awkward meetings,Encourages meeting in low-pressure environments,"Premium allows profile boosts, making you more visible",Larger age groups might struggle to find matches
Best Dating Apps,Focus on meeting people while traveling with similar interests,Natural conversation starters based on profile info,High premium cost for additional features,Always meet in public places to ensure safety,Keep first meetings short and casual,Free tier lacks features for larger cities,Shared hobbies increase chances of connection
Friendship Focus,Focus on meeting people while traveling with similar interests,Engagements feel natural,Lack of diversity in smaller regions,Always have a backup plan for awkward meetings,Encourages meeting in low-pressure environments,Expensive premium features but necessary for serious users,Larger age groups might struggle to find matches
GenThirty,Matches expire too quickly leading to missed opportunities,Engagements feel natural,Matches sometimes based on shallow interests,Always have a backup plan for awkward meetings,Establish a real-life meetup as early as possible,"Free features include 24-hour window for first message, while premium offers extended time",Friendships can continue online or end after the trip
Friendship Focus,Users can find lifelong friendships if persistent,Strong safety features,High premium cost for additional features,Use well-known venues to meet up,"Plan meetups in a neutral, public place","Free features include 24-hour window for first message, while premium offers extended time",Honest follow-up after meeting to gauge interest
BFF Connect Blog,Effortless connection with people sharing common hobbies,Natural conversation starters based on profile info,High premium cost for additional features,App includes photo verification for added safety,Encourages meeting in low-pressure environments,Premium renews automatically unless cancelled,Matches tend to be high-quality in larger cities
BFF Connect Blog,Users can find lifelong friendships if persistent,Allows connections based on specific hobbies or interests,Matches sometimes based on shallow interests,"Meet in casual, comfortable settings like cafes","Plan meetups in a neutral, public place",Premium features extend first message expiration window,Shared hobbies increase chances of connection
BFF Connect Blog,Matches expire too quickly leading to missed opportunities,Found successful connections,Unclear subscription cancellation process,App includes photo verification for added safety,Keep first meetings short and casual,Premium includes Spotlight and SuperSwipe features,Matches tend to be high-quality in larger cities
GenThirty,Diverse user base with balanced gender ratio,Engagements feel natural,Conversations can expire if not initiated within 24 hours,Avoid sharing personal details until comfortable,Use mutual hobbies to guide meetups,Premium includes Spotlight and SuperSwipe features,Best used in metro areas with high user density
Friendship Focus,Helps new city transplants find friends easily,Good for introverts to meet friends at their own pace,Not enough active users in some areas,Meet at tourist spots for safety,Plan meetups in places of shared interests,Free tier has enough features for casual use,Making real-life connections takes time but worth the effort
Bumble User Forum,Diverse user base with balanced gender ratio,Effective for meeting people quickly,Matches sometimes based on shallow interests,Take safety precautions and share meet-up details with a friend,Use mutual hobbies to guide meetups,"Premium allows unlimited swipes, free version limits to 25",Matches tend to be high-quality in larger cities
Best Dating Apps,Requires frequent check-ins to maintain conversations,Strong safety features,Not enough active users in some areas,App includes photo verification for added safety,Encourages meeting in low-pressure environments,Free tier lacks features for larger cities,Difficult for introverts but manageable
BFF Connect Blog,Effortless connection with people sharing common hobbies,Effective for meeting people quickly,Matches sometimes based on shallow interests,Always meet in public places to ensure safety,"Plan meetups in a neutral, public place","Free features include 24-hour window for first message, while premium offers extended time",Having a good profile is key to more matches
Bumble User Forum,Requires frequent check-ins to maintain conversations,Allows connections based on specific hobbies or interests,High premium cost for additional features,Avoid sharing personal details until comfortable,Use social media to keep up between meetups,SuperSwipes useful for showing serious interest,Friendships can continue online or end after the trip
Best Dating Apps,Helps new city transplants find friends easily,Good for introverts to meet friends at their own pace,Matches sometimes based on shallow interests,Always meet in public places to ensure safety,Keep first meetings short and casual,Premium includes Spotlight and SuperSwipe features,Having a good profile is key to more matches
BFF Connect Blog,Effortless connection with people sharing common hobbies,Low-pressure meetups allow genuine connection,Lack of diversity in smaller regions,Always meet in public places to ensure safety,Establish a real-life meetup as early as possible,"Free features include 24-hour window for first message, while premium offers extended time",Best used in metro areas with high user density
Travel Her Story,Focus on meeting people while traveling with similar interests,Strong safety features,Difficult to re-engage after conversations expire,Meet at tourist spots for safety,Keep first meetings short and casual,Expensive premium features but necessary for serious users,Best used in metro areas with high user density
BFF Connect Blog,Encourages initiating conversation quickly to maintain match,Natural conversation starters based on profile info,Unclear subscription cancellation process,App includes photo verification for added safety,Meet during daylight for safety,Expensive premium features but necessary for serious users,Making real-life connections takes time but worth the effort
BFF Connect Blog,Matches expire too quickly leading to missed opportunities,Allows connections based on specific hobbies or interests,Conversations can expire if not initiated within 24 hours,Always meet in public places to ensure safety,Establish a real-life meetup as early as possible,Expensive premium features but necessary for serious users,Honest follow-up after meeting to gauge interest
BFF Connect Blog,Helps new city transplants find friends easily,"Balanced gender ratio, ease of connecting based on shared interests",Not enough active users in some areas,Always meet in public places to ensure safety,Use social media to keep up between meetups,Free tier lacks features for larger cities,Difficult for introverts but manageable
Travel Her Story,Diverse user base with balanced gender ratio,Good for introverts to meet friends at their own pace,Matches sometimes based on shallow interests,App includes photo verification for added safety,Encourages meeting in low-pressure environments,Premium includes Spotlight and SuperSwipe features,Best used in metro areas with high user density
GenThirty,Diverse user base with balanced gender ratio,Natural conversation starters based on profile info,Too few daily swipes without premium,Meet at tourist spots for safety,Encourages meeting in low-pressure environments,Expensive premium features but necessary for serious users,Friendships can continue online or end after the trip
GenThirty,Helps new city transplants find friends easily,"Balanced gender ratio, ease of connecting based on shared interests",Difficult to re-engage after conversations expire,Avoid sharing personal details until comfortable,Have flexible meet-up plans,Free tier has enough features for casual use,Honest follow-up after meeting to gauge interest
Best Dating Apps,Matches expire too quickly leading to missed opportunities,Found successful connections,"Risk of awkward interactions, sometimes no lasting connection","Meet in casual, comfortable settings like cafes",Quick meetups recommended to not miss travel opportunities,"Premium allows unlimited swipes, free version limits to 25",Making real-life connections takes time but worth the effort
Best Dating Apps,Effortless connection with people sharing common hobbies,"Balanced gender ratio, ease of connecting based on shared interests",Unclear subscription cancellation process,Meet at tourist spots for safety,Plan meetups in places of shared interests,"Premium allows unlimited swipes, free version limits to 25",Making real-life connections takes time but worth the effort
BFF Connect Blog,Users can find lifelong friendships if persistent,Allows connections based on specific hobbies or interests,Matches sometimes based on shallow interests,Avoid sharing personal details until comfortable,Meet during daylight for safety,"Premium allows unlimited swipes, free version limits to 25",Making real-life connections takes time but worth the effort
Travel Her Story,Requires frequent check-ins to maintain conversations,Allows connections based on specific hobbies or interests,Too few daily swipes without premium,Avoid sharing personal details until comfortable,Quick meetups recommended to not miss travel opportunities,Premium includes Spotlight and SuperSwipe features,Larger age groups might struggle to find matches
BFF Connect Blog,Diverse user base with balanced gender ratio,Low-pressure meetups allow genuine connection,High premium cost for additional features,Always have a backup plan for awkward meetings,Establish a real-life meetup as early as possible,Free tier lacks features for larger cities,Automatic membership renewal could cause unwanted charges
GenThirty,Matches expire too quickly leading to missed opportunities,Good for introverts to meet friends at their own pace,Unclear subscription cancellation process,Always have a backup plan for awkward meetings,Quick meetups recommended to not miss travel opportunities,Premium includes Spotlight and SuperSwipe features,Having a good profile is key to more matches
Friendship Focus,Encourages initiating conversation quickly to maintain match,"Balanced gender ratio, ease of connecting based on shared interests",Conversations can expire if not initiated within 24 hours,"Meet in casual, comfortable settings like cafes",Plan meetups in places of shared interests,Expensive premium features but necessary for serious users,Having a good profile is key to more matches
Best Dating Apps,Matches expire too quickly leading to missed opportunities,Good for introverts to meet friends at their own pace,Too few daily swipes without premium,"Meet in casual, comfortable settings like cafes",Encourages meeting in low-pressure environments,Premium renews automatically unless cancelled,Automatic membership renewal could cause unwanted charges
GenThirty,Requires frequent check-ins to maintain conversations,"Balanced gender ratio, ease of connecting based on shared interests",Conversations can expire if not initiated within 24 hours,Use well-known venues to meet up,Use mutual hobbies to guide meetups,SuperSwipes useful for showing serious interest,Matches tend to be high-quality in larger cities
BFF Connect Blog,Helps new city transplants find friends easily,Allows connections based on specific hobbies or interests,Matches sometimes based on shallow interests,Opt for group meetups when unsure,Quick meetups recommended to not miss travel opportunities,Premium includes Spotlight and SuperSwipe features,Making real-life connections takes time but worth the effort
Bumble User Forum,Straightforward interactions aimed at friendship building,Simple user interface,Matches sometimes based on shallow interests,Always have a backup plan for awkward meetings,Quick meetups recommended to not miss travel opportunities,"Premium allows profile boosts, making you more visible",Honest follow-up after meeting to gauge interest
GenThirty,Helps new city transplants find friends easily,Found successful connections,Matches sometimes based on shallow interests,Avoid sharing personal details until comfortable,"Plan meetups in a neutral, public place",Free tier lacks features for larger cities,Friendships can continue online or end after the trip
Friendship Focus,Requires frequent check-ins to maintain conversations,Low-pressure meetups allow genuine connection,Difficult to re-engage after conversations expire,Take safety precautions and share meet-up details with a friend,Use social media to keep up between meetups,"Premium allows profile boosts, making you more visible",Matches tend to be high-quality in larger cities
Best Dating Apps,Encourages initiating conversation quickly to maintain match,Low-pressure meetups allow genuine connection,Conversations can expire if not initiated within 24 hours,Opt for group meetups when unsure,Quick meetups recommended to not miss travel opportunities,SuperSwipes useful for showing serious interest,Best used in metro areas with high user density
BFF Connect Blog,Diverse user base with balanced gender ratio,Natural conversation starters based on profile info,Not enough active users in some areas,Always meet in public places to ensure safety,Use social media to keep up between meetups,Premium renews automatically unless cancelled,Friendships can continue online or end after the trip
Best Dating Apps,Inconsistent match quality depending on location,Allows connections based on specific hobbies or interests,Difficult to re-engage after conversations expire,"Meet in casual, comfortable settings like cafes",Meet during daylight for safety,Premium features extend first message expiration window,Automatic membership renewal could cause unwanted charges
Bumble User Forum,Effortless connection with people sharing common hobbies,Allows connections based on specific hobbies or interests,Matches sometimes based on shallow interests,Avoid sharing personal details until comfortable,Keep first meetings short and casual,SuperSwipes useful for showing serious interest,Best used in metro areas with high user density
Bumble User Forum,Focus on meeting people while traveling with similar interests,Strong safety features,Lack of diversity in smaller regions,Verify profiles and match based on common interests,Keep first meetings short and casual,"Premium allows unlimited swipes, free version limits to 25",Automatic membership renewal could cause unwanted charges
Bumble User Forum,Diverse user base with balanced gender ratio,"Balanced gender ratio, ease of connecting based on shared interests",Lack of diversity in smaller regions,Take safety precautions and share meet-up details with a friend,Keep first meetings short and casual,Free tier has enough features for casual use,Having a good profile is key to more matches
Friendship Focus,Focus on meeting people while traveling with similar interests,Natural conversation starters based on profile info,Too few daily swipes without premium,Always meet in public places to ensure safety,Establish a real-life meetup as early as possible,SuperSwipes useful for showing serious interest,Having a good profile is key to more matches
Bumble User Forum,Encourages initiating conversation quickly to maintain match,"Balanced gender ratio, ease of connecting based on shared interests",Lack of diversity in smaller regions,Always have a backup plan for awkward meetings,Meet during daylight for safety,Expensive premium features but necessary for serious users,Making real-life connections takes time but worth the effort
Bumble User Forum,Effortless connection with people sharing common hobbies,Allows connections based on specific hobbies or interests,Too few daily swipes without premium,Always meet in public places to ensure safety,Use mutual hobbies to guide meetups,Premium features extend first message expiration window,Best used in metro areas with high user density
Travel Her Story,Requires frequent check-ins to maintain conversations,Allows connections based on specific hobbies or interests,Missed opportunities due to quick expiration,Meet at tourist spots for safety,Have flexible meet-up plans,Premium includes Spotlight and SuperSwipe features,Friendships can continue online or end after the trip
Friendship Focus,Effortless connection with people sharing common hobbies,Simple user interface,Conversations can expire if not initiated within 24 hours,Meet at tourist spots for safety,Use social media to keep up between meetups,Free tier has enough features for casual use,Honest follow-up after meeting to gauge interest
Friendship Focus,Encourages initiating conversation quickly to maintain match,Allows connections based on specific hobbies or interests,Unclear subscription cancellation process,"Meet in casual, comfortable settings like cafes","Plan meetups in a neutral, public place",Premium includes Spotlight and SuperSwipe features,Best used in metro areas with high user density
Best Dating Apps,Inconsistent match quality depending on location,Good for introverts to meet friends at their own pace,Not enough active users in some areas,Verify profiles and match based on common interests,Meet during daylight for safety,"Premium allows unlimited swipes, free version limits to 25",Matches tend to be high-quality in larger cities
Best Dating Apps,Straightforward interactions aimed at friendship building,Found successful connections,Unclear subscription cancellation process,Use well-known venues to meet up,Meet during daylight for safety,Premium includes Spotlight and SuperSwipe features,Honest follow-up after meeting to gauge interest
Bumble User Forum,Requires frequent check-ins to maintain conversations,Found successful connections,Difficult to re-engage after conversations expire,Always meet in public places to ensure safety,Establish a real-life meetup as early as possible,Premium includes Spotlight and SuperSwipe features,Friendships can continue online or end after the trip
BFF Connect Blog,Effortless connection with people sharing common hobbies,Strong safety features,High premium cost for additional features,Avoid sharing personal details until comfortable,Quick meetups recommended to not miss travel opportunities,Expensive premium features but necessary for serious users,Shared hobbies increase chances of connection
Bumble User Forum,Requires frequent check-ins to maintain conversations,Allows connections based on specific hobbies or interests,Conversations can expire if not initiated within 24 hours,Opt for group meetups when unsure,Plan meetups in places of shared interests,"Premium allows unlimited swipes, free version limits to 25",Difficult for introverts but manageable
GenThirty,Effortless connection with people sharing common hobbies,Strong safety features,Difficult to re-engage after conversations expire,"Meet in casual, comfortable settings like cafes",Meet during daylight for safety,Premium features extend first message expiration window,Honest follow-up after meeting to gauge interest
Travel Her Story,Requires frequent check-ins to maintain conversations,Good for introverts to meet friends at their own pace,Difficult to re-engage after conversations expire,Verify profiles and match based on common interests,Use social media to keep up between meetups,Premium includes Spotlight and SuperSwipe features,Making real-life connections takes time but worth the effort
GenThirty,Effortless connection with people sharing common hobbies,Good for introverts to meet friends at their own pace,Lack of diversity in smaller regions,Verify profiles and match based on common interests,Quick meetups recommended to not miss travel opportunities,Free tier has enough features for casual use,Best used in metro areas with high user density
BFF Connect Blog,Inconsistent match quality depending on location,Natural conversation starters based on profile info,Conversations can expire if not initiated within 24 hours,Use well-known venues to meet up,Plan meetups in places of shared interests,"Premium allows unlimited swipes, free version limits to 25",Having a good profile is key to more matches
Bumble User Forum,Diverse user base with balanced gender ratio,Found successful connections,High premium cost for additional features,"Meet in casual, comfortable settings like cafes",Plan meetups in places of shared interests,"Free features include 24-hour window for first message, while premium offers extended time",Automatic membership renewal could cause unwanted charges
Friendship Focus,Matches expire too quickly leading to missed opportunities,Found successful connections,Too few daily swipes without premium,Take safety precautions and share meet-up details with a friend,Use social media to keep up between meetups,Free tier lacks features for larger cities,Best used in metro areas with high user density
Friendship Focus,Effortless connection with people sharing common hobbies,Strong safety features,High premium cost for additional features,Verify profiles and match based on common interests,Have flexible meet-up plans,Premium renews automatically unless cancelled,Shared hobbies increase chances of connection
Friendship Focus,Focus on meeting people while traveling with similar interests,Effective for meeting people quickly,Unclear subscription cancellation process,Always meet in public places to ensure safety,Have flexible meet-up plans,Premium includes Spotlight and SuperSwipe features,Shared hobbies increase chances of connection
Bumble User Forum,Inconsistent match quality depending on location,Allows connections based on specific hobbies or interests,Missed opportunities due to quick expiration,Take safety precautions and share meet-up details with a friend,Quick meetups recommended to not miss travel opportunities,Premium renews automatically unless cancelled,Automatic membership renewal could cause unwanted charges
Best Dating Apps,Matches expire too quickly leading to missed opportunities,Found successful connections,Matches sometimes based on shallow interests,App includes photo verification for added safety,Use social media to keep up between meetups,"Premium allows profile boosts, making you more visible",Larger age groups might struggle to find matches
BFF Connect Blog,Effortless connection with people sharing common hobbies,Natural conversation starters based on profile info,Lack of diversity in smaller regions,Always have a backup plan for awkward meetings,Use social media to keep up between meetups,Premium includes Spotlight and SuperSwipe features,Automatic membership renewal could cause unwanted charges
Best Dating Apps,Encourages initiating conversation quickly to maintain match,"Balanced gender ratio, ease of connecting based on shared interests",Matches sometimes based on shallow interests,"Meet in casual, comfortable settings like cafes",Have flexible meet-up plans,"Free features include 24-hour window for first message, while premium offers extended time",Best used in metro areas with high user density
GenThirty,Focus on meeting people while traveling with similar interests,Natural conversation starters based on profile info,Conversations can expire if not initiated within 24 hours,Opt for group meetups when unsure,Plan meetups in places of shared interests,Premium features extend first message expiration window,Automatic membership renewal could cause unwanted charges
Friendship Focus,Matches expire too quickly leading to missed opportunities,Allows connections based on specific hobbies or interests,Too few daily swipes without premium,Always meet in public places to ensure safety,Use social media to keep up between meetups,Free tier has enough features for casual use,Friendships can continue online or end after the trip
Friendship Focus,Diverse user base with balanced gender ratio,Engagements feel natural,Not enough active users in some areas,"Meet in casual, comfortable settings like cafes","Plan meetups in a neutral, public place",Premium renews automatically unless cancelled,Friendships can continue online or end after the trip
Friendship Focus,Straightforward interactions aimed at friendship building,Found successful connections,Difficult to re-engage after conversations expire,Always meet in public places to ensure safety,Plan meetups in places of shared interests,"Premium allows profile boosts, making you more visible",Shared hobbies increase chances of connection
Travel Her Story,Helps new city transplants find friends easily,Natural conversation starters based on profile info,Unclear subscription cancellation process,Always have a backup plan for awkward meetings,Use social media to keep up between meetups,Expensive premium features but necessary for serious users,Making real-life connections takes time but worth the effort
BFF Connect Blog,Helps new city transplants find friends easily,Allows connections based on specific hobbies or interests,Matches sometimes based on shallow interests,Take safety precautions and share meet-up details with a friend,Encourages meeting in low-pressure environments,Premium features extend first message expiration window,Difficult for introverts but manageable
Best Dating Apps,Focus on meeting people while traveling with similar interests,Low-pressure meetups allow genuine connection,Not enough active users in some areas,"Meet in casual, comfortable settings like cafes",Use social media to keep up between meetups,Premium features extend first message expiration window,Best used in metro areas with high user density
BFF Connect Blog,Focus on meeting people while traveling with similar interests,Good for introverts to meet friends at their own pace,Difficult to re-engage after conversations expire,App includes photo verification for added safety,Quick meetups recommended to not miss travel opportunities,Premium renews automatically unless cancelled,Larger age groups might struggle to find matches
GenThirty,Diverse user base with balanced gender ratio,Engagements feel natural,"Risk of awkward interactions, sometimes no lasting connection",Use well-known venues to meet up,Meet during daylight for safety,"Premium allows profile boosts, making you more visible",Larger age groups might struggle to find matches
BFF Connect Blog,Encourages initiating conversation quickly to maintain match,Engagements feel natural,Too few daily swipes without premium,"Meet in casual, comfortable settings like cafes",Plan meetups in places of shared interests,SuperSwipes useful for showing serious interest,Friendships can continue online or end after the trip
Bumble User Forum,Diverse user base with balanced gender ratio,Simple user interface,Lack of diversity in smaller regions,Take safety precautions and share meet-up details with a friend,Have flexible meet-up plans,Free tier lacks features for larger cities,Best used in metro areas with high user density
Best Dating Apps,Focus on meeting people while traveling with similar interests,Allows connections based on specific hobbies or interests,Difficult to re-engage after conversations expire,"Meet in casual, comfortable settings like cafes",Use mutual hobbies to guide meetups,"Premium allows profile boosts, making you more visible",Larger age groups might struggle to find matches
BFF Connect Blog,Matches expire too quickly leading to missed opportunities,Effective for meeting people quickly,Not enough active users in some areas,Always have a backup plan for awkward meetings,Keep first meetings short and casual,Premium features extend first message expiration window,Best used in metro areas with high user density
GenThirty,Straightforward interactions aimed at friendship building,Allows connections based on specific hobbies or interests,Missed opportunities due to quick expiration,App includes photo verification for added safety,Encourages meeting in low-pressure environments,Free tier lacks features for larger cities,Larger age groups might struggle to find matches
GenThirty,Diverse user base with balanced gender ratio,"Balanced gender ratio, ease of connecting based on shared interests","Risk of awkward interactions, sometimes no lasting connection",Verify profiles and match based on common interests,Quick meetups recommended to not miss travel opportunities,Premium renews automatically unless cancelled,Making real-life connections takes time but worth the effort
GenThirty,Users can find lifelong friendships if persistent,Good for introverts to meet friends at their own pace,Matches sometimes based on shallow interests,Use well-known venues to meet up,Meet during daylight for safety,Free tier lacks features for larger cities,Automatic membership renewal could cause unwanted charges
Bumble User Forum,Straightforward interactions aimed at friendship building,Natural conversation starters based on profile info,Matches sometimes based on shallow interests,Avoid sharing personal details until comfortable,Keep first meetings short and casual,Premium renews automatically unless cancelled,Making real-life connections takes time but worth the effort
Best Dating Apps,Encourages initiating conversation quickly to maintain match,"Balanced gender ratio, ease of connecting based on shared interests",High premium cost for additional features,Opt for group meetups when unsure,Have flexible meet-up plans,Premium renews automatically unless cancelled,Best used in metro areas with high user density
Friendship Focus,Inconsistent match quality depending on location,Found successful connections,High premium cost for additional features,Always meet in public places to ensure safety,Encourages meeting in low-pressure environments,Premium includes Spotlight and SuperSwipe features,Making real-life connections takes time but worth the effort
Travel Her Story,Helps new city transplants find friends easily,Found successful connections,Lack of diversity in smaller regions,Meet at tourist spots for safety,Establish a real-life meetup as early as possible,Premium includes Spotlight and SuperSwipe features,Having a good profile is key to more matches
Bumble User Forum,Inconsistent match quality depending on location,Good for introverts to meet friends at their own pace,Matches sometimes based on shallow interests,Opt for group meetups when unsure,Encourages meeting in low-pressure environments,Free tier lacks features for larger cities,Difficult for introverts but manageable
BFF Connect Blog,Requires frequent check-ins to maintain conversations,Simple user interface,Not enough active users in some areas,App includes photo verification for added safety,Use social media to keep up between meetups,"Premium allows unlimited swipes, free version limits to 25",Shared hobbies increase chances of connection
Bumble User Forum,Encourages initiating conversation quickly to maintain match,Found successful connections,Lack of diversity in smaller regions,App includes photo verification for added safety,Use mutual hobbies to guide meetups,"Premium allows unlimited swipes, free version limits to 25",Matches tend to be high-quality in larger cities
Best Dating Apps,Focus on meeting people while traveling with similar interests,Strong safety features,Missed opportunities due to quick expiration,Avoid sharing personal details until comfortable,Encourages meeting in low-pressure environments,Premium features extend first message expiration window,Larger age groups might struggle to find matches
Friendship Focus,Matches expire too quickly leading to missed opportunities,Good for introverts to meet friends at their own pace,Conversations can expire if not initiated within 24 hours,Always have a backup plan for awkward meetings,Use mutual hobbies to guide meetups,Premium renews automatically unless cancelled,Making real-life connections takes time but worth the effort
GenThirty,Straightforward interactions aimed at friendship building,Allows connections based on specific hobbies or interests,High premium cost for additional features,Always meet in public places to ensure safety,Use mutual hobbies to guide meetups,"Free features include 24-hour window for first message, while premium offers extended time",Difficult for introverts but manageable
BFF Connect Blog,Matches expire too quickly leading to missed opportunities,Found successful connections,Not enough active users in some areas,Opt for group meetups when unsure,Plan meetups in places of shared interests,Premium includes Spotlight and SuperSwipe features,Honest follow-up after meeting to gauge interest
Best Dating Apps,Focus on meeting people while traveling with similar interests,Effective for meeting people quickly,Matches sometimes based on shallow interests,Meet at tourist spots for safety,Have flexible meet-up plans,SuperSwipes useful for showing serious interest,Shared hobbies increase chances of connection
GenThirty,Effortless connection with people sharing common hobbies,Effective for meeting people quickly,Not enough active users in some areas,Always meet in public places to ensure safety,Plan meetups in places of shared interests,Free tier has enough features for casual use,Shared hobbies increase chances of connection
Best Dating Apps,Matches expire too quickly leading to missed opportunities,Natural conversation starters based on profile info,Too few daily swipes without premium,Take safety precautions and share meet-up details with a friend,Quick meetups recommended to not miss travel opportunities,SuperSwipes useful for showing serious interest,Making real-life connections takes time but worth the effort
BFF Connect Blog,Diverse user base with balanced gender ratio,"Balanced gender ratio, ease of connecting based on shared interests",Lack of diversity in smaller regions,Always meet in public places to ensure safety,Quick meetups recommended to not miss travel opportunities,Premium includes Spotlight and SuperSwipe features,Best used in metro areas with high user density
BFF Connect Blog,Matches expire too quickly leading to missed opportunities,Effective for meeting people quickly,Too few daily swipes without premium,App includes photo verification for added safety,Meet during daylight for safety,Free tier lacks features for larger cities,Friendships can continue online or end after the trip
GenThirty,Encourages initiating conversation quickly to maintain match,Found successful connections,"Risk of awkward interactions, sometimes no lasting connection",App includes photo verification for added safety,Have flexible meet-up plans,Free tier has enough features for casual use,Having a good profile is key to more matches
Friendship Focus,Helps new city transplants find friends easily,Simple user interface,Difficult to re-engage after conversations expire,App includes photo verification for added safety,Use mutual hobbies to guide meetups,Premium renews automatically unless cancelled,Difficult for introverts but manageable
Best Dating Apps,Matches expire too quickly leading to missed opportunities,Strong safety features,Matches sometimes based on shallow interests,Use well-known venues to meet up,"Plan meetups in a neutral, public place",Premium includes Spotlight and SuperSwipe features,Having a good profile is key to more matches
Bumble User Forum,Helps new city transplants find friends easily,Engagements feel natural,Unclear subscription cancellation process,Always have a backup plan for awkward meetings,Use social media to keep up between meetups,Premium includes Spotlight and SuperSwipe features,Automatic membership renewal could cause unwanted charges
Best Dating Apps,Matches expire too quickly leading to missed opportunities,Engagements feel natural,"Risk of awkward interactions, sometimes no lasting connection",Use well-known venues to meet up,Use social media to keep up between meetups,"Premium allows profile boosts, making you more visible",Shared hobbies increase chances of connection
Travel Her Story,Helps new city transplants find friends easily,Found successful connections,Matches sometimes based on shallow interests,"Meet in casual, comfortable settings like cafes",Establish a real-life meetup as early as possible,Free tier lacks features for larger cities,Best used in metro areas with high user density
Friendship Focus,Helps new city transplants find friends easily,Simple user interface,Too few daily swipes without premium,Always meet in public places to ensure safety,Use social media to keep up between meetups,"Premium allows unlimited swipes, free version limits to 25",Larger age groups might struggle to find matches
Bumble User Forum,Straightforward interactions aimed at friendship building,Low-pressure meetups allow genuine connection,Difficult to re-engage after conversations expire,Always meet in public places to ensure safety,Establish a real-life meetup as early as possible,Expensive premium features but necessary for serious users,Automatic membership renewal could cause unwanted charges
Best Dating Apps,Focus on meeting people while traveling with similar interests,Effective for meeting people quickly,Lack of diversity in smaller regions,"Meet in casual, comfortable settings like cafes",Establish a real-life meetup as early as possible,SuperSwipes useful for showing serious interest,Matches tend to be high-quality in larger cities
Friendship Focus,Inconsistent match quality depending on location,"Balanced gender ratio, ease of connecting based on shared interests",Unclear subscription cancellation process,Use well-known venues to meet up,Quick meetups recommended to not miss travel opportunities,"Premium allows profile boosts, making you more visible",Making real-life connections takes time but worth the effort
BFF Connect Blog,Matches expire too quickly leading to missed opportunities,Strong safety features,"Risk of awkward interactions, sometimes no lasting connection",Always meet in public places to ensure safety,Keep first meetings short and casual,"Free features include 24-hour window for first message, while premium offers extended time",Automatic membership renewal could cause unwanted charges
Bumble User Forum,Focus on meeting people while traveling with similar interests,Found successful connections,"Risk of awkward interactions, sometimes no lasting connection",Always have a backup plan for awkward meetings,Establish a real-life meetup as early as possible,Free tier has enough features for casual use,Shared hobbies increase chances of connection
GenThirty,Matches expire too quickly leading to missed opportunities,Effective for meeting people quickly,Missed opportunities due to quick expiration,Verify profiles and match based on common interests,Meet during daylight for safety,"Premium allows profile boosts, making you more visible",Making real-life connections takes time but worth the effort
Best Dating Apps,Encourages initiating conversation quickly to maintain match,Strong safety features,Too few daily swipes without premium,Always have a backup plan for awkward meetings,Use social media to keep up between meetups,SuperSwipes useful for showing serious interest,Making real-life connections takes time but worth the effort
BFF Connect Blog,Users can find lifelong friendships if persistent,Allows connections based on specific hobbies or interests,Conversations can expire if not initiated within 24 hours,Always meet in public places to ensure safety,Establish a real-life meetup as early as possible,Premium features extend first message expiration window,Having a good profile is key to more matches
Travel Her Story,Focus on meeting people while traveling with similar interests,Good for introverts to meet friends at their own pace,Unclear subscription cancellation process,Use well-known venues to meet up,Encourages meeting in low-pressure environments,Expensive premium features but necessary for serious users,Difficult for introverts but manageable
Travel Her Story,Encourages initiating conversation quickly to maintain match,Low-pressure meetups allow genuine connection,Matches sometimes based on shallow interests,Avoid sharing personal details until comfortable,Use social media to keep up between meetups,Premium features extend first message expiration window,Shared hobbies increase chances of connection
Bumble User Forum,Encourages initiating conversation quickly to maintain match,Natural conversation starters based on profile info,"Risk of awkward interactions, sometimes no lasting connection",Use well-known venues to meet up,Meet during daylight for safety,Premium renews automatically unless cancelled,Friendships can continue online or end after the trip
GenThirty,Encourages initiating conversation quickly to maintain match,"Balanced gender ratio, ease of connecting based on shared interests",Too few daily swipes without premium,Use well-known venues to meet up,"Plan meetups in a neutral, public place","Premium allows unlimited swipes, free version limits to 25",Larger age groups might struggle to find matches
GenThirty,Straightforward interactions aimed at friendship building,Found successful connections,Not enough active users in some areas,"Meet in casual, comfortable settings like cafes",Encourages meeting in low-pressure environments,SuperSwipes useful for showing serious interest,Larger age groups might struggle to find matches
Bumble User Forum,Inconsistent match quality depending on location,Allows connections based on specific hobbies or interests,"Risk of awkward interactions, sometimes no lasting connection","Meet in casual, comfortable settings like cafes",Use social media to keep up between meetups,Premium renews automatically unless cancelled,Having a good profile is key to more matches
Travel Her Story,Helps new city transplants find friends easily,Good for introverts to meet friends at their own pace,Missed opportunities due to quick expiration,Always have a backup plan for awkward meetings,Meet during daylight for safety,Free tier has enough features for casual use,Automatic membership renewal could cause unwanted charges
GenThirty,Encourages initiating conversation quickly to maintain match,Engagements feel natural,Lack of diversity in smaller regions,Meet at tourist spots for safety,Use mutual hobbies to guide meetups,Premium includes Spotlight and SuperSwipe features,Shared hobbies increase chances of connection
Best Dating Apps,Users can find lifelong friendships if persistent,Engagements feel natural,Conversations can expire if not initiated within 24 hours,Verify profiles and match based on common interests,Have flexible meet-up plans,"Premium allows unlimited swipes, free version limits to 25",Best used in metro areas with high user density
GenThirty,Helps new city transplants find friends easily,"Balanced gender ratio, ease of connecting based on shared interests",Difficult to re-engage after conversations expire,App includes photo verification for added safety,Plan meetups in places of shared interests,Premium renews automatically unless cancelled,Automatic membership renewal could cause unwanted charges
Bumble User Forum,Diverse user base with balanced gender ratio,Good for introverts to meet friends at their own pace,Not enough active users in some areas,Verify profiles and match based on common interests,Establish a real-life meetup as early as possible,Premium renews automatically unless cancelled,Friendships can continue online or end after the trip
Friendship Focus,Requires frequent check-ins to maintain conversations,Engagements feel natural,Lack of diversity in smaller regions,Meet at tourist spots for safety,Encourages meeting in low-pressure environments,SuperSwipes useful for showing serious interest,Larger age groups might struggle to find matches
Bumble User Forum,Matches expire too quickly leading to missed opportunities,Low-pressure meetups allow genuine connection,Conversations can expire if not initiated within 24 hours,Always meet in public places to ensure safety,Meet during daylight for safety,Free tier has enough features for casual use,Best used in metro areas with high user density
